{
  "hash": "a74785ac",
  "configHash": "8b07bb99",
  "lockfileHash": "f8058cd4",
  "browserHash": "1d3ebab6",
  "optimized": {
    "@angular/cdk/bidi": {
      "src": "../../../../../../node_modules/@angular/cdk/fesm2022/bidi.mjs",
      "file": "@angular_cdk_bidi.js",
      "fileHash": "123b8fde",
      "needsInterop": false
    },
    "@angular/cdk/scrolling": {
      "src": "../../../../../../node_modules/@angular/cdk/fesm2022/scrolling.mjs",
      "file": "@angular_cdk_scrolling.js",
      "fileHash": "b11ea9be",
      "needsInterop": false
    },
    "@angular/cdk/text-field": {
      "src": "../../../../../../node_modules/@angular/cdk/fesm2022/text-field.mjs",
      "file": "@angular_cdk_text-field.js",
      "fileHash": "afd79ad7",
      "needsInterop": false
    },
    "@angular/common": {
      "src": "../../../../../../node_modules/@angular/common/fesm2022/common.mjs",
      "file": "@angular_common.js",
      "fileHash": "83c83bed",
      "needsInterop": false
    },
    "@angular/common/http": {
      "src": "../../../../../../node_modules/@angular/common/fesm2022/http.mjs",
      "file": "@angular_common_http.js",
      "fileHash": "aca07612",
      "needsInterop": false
    },
    "@angular/core": {
      "src": "../../../../../../node_modules/@angular/core/fesm2022/core.mjs",
      "file": "@angular_core.js",
      "fileHash": "b64e6139",
      "needsInterop": false
    },
    "@angular/forms": {
      "src": "../../../../../../node_modules/@angular/forms/fesm2022/forms.mjs",
      "file": "@angular_forms.js",
      "fileHash": "1d562bd7",
      "needsInterop": false
    },
    "@angular/material/autocomplete": {
      "src": "../../../../../../node_modules/@angular/material/fesm2022/autocomplete.mjs",
      "file": "@angular_material_autocomplete.js",
      "fileHash": "8527bb17",
      "needsInterop": false
    },
    "@angular/material/button": {
      "src": "../../../../../../node_modules/@angular/material/fesm2022/button.mjs",
      "file": "@angular_material_button.js",
      "fileHash": "ca0cc51a",
      "needsInterop": false
    },
    "@angular/material/form-field": {
      "src": "../../../../../../node_modules/@angular/material/fesm2022/form-field.mjs",
      "file": "@angular_material_form-field.js",
      "fileHash": "89d2e248",
      "needsInterop": false
    },
    "@angular/material/input": {
      "src": "../../../../../../node_modules/@angular/material/fesm2022/input.mjs",
      "file": "@angular_material_input.js",
      "fileHash": "aff71eea",
      "needsInterop": false
    },
    "@angular/platform-browser": {
      "src": "../../../../../../node_modules/@angular/platform-browser/fesm2022/platform-browser.mjs",
      "file": "@angular_platform-browser.js",
      "fileHash": "04dc5caf",
      "needsInterop": false
    },
    "@angular/router": {
      "src": "../../../../../../node_modules/@angular/router/fesm2022/router.mjs",
      "file": "@angular_router.js",
      "fileHash": "e97bbe6b",
      "needsInterop": false
    },
    "jwt-decode": {
      "src": "../../../../../../node_modules/jwt-decode/build/esm/index.js",
      "file": "jwt-decode.js",
      "fileHash": "95581c0c",
      "needsInterop": false
    },
    "rxjs": {
      "src": "../../../../../../node_modules/rxjs/dist/esm5/index.js",
      "file": "rxjs.js",
      "fileHash": "17d1bc01",
      "needsInterop": false
    },
    "zone.js": {
      "src": "../../../../../../node_modules/zone.js/fesm2015/zone.js",
      "file": "zone__js.js",
      "fileHash": "bd5efbc8",
      "needsInterop": true
    },
    "sweetalert2": {
      "src": "../../../../../../node_modules/sweetalert2/dist/sweetalert2.esm.all.js",
      "file": "sweetalert2.js",
      "fileHash": "20e4d378",
      "needsInterop": false
    }
  },
  "chunks": {
    "chunk-3PDJ7DKW": {
      "file": "chunk-3PDJ7DKW.js"
    },
    "chunk-JDPFCTCI": {
      "file": "chunk-JDPFCTCI.js"
    },
    "chunk-A6RT4N4E": {
      "file": "chunk-A6RT4N4E.js"
    },
    "chunk-SKXJRBPF": {
      "file": "chunk-SKXJRBPF.js"
    },
    "chunk-IP6Q3732": {
      "file": "chunk-IP6Q3732.js"
    },
    "chunk-HSFA744H": {
      "file": "chunk-HSFA744H.js"
    },
    "chunk-A57ANMFK": {
      "file": "chunk-A57ANMFK.js"
    },
    "chunk-V5ZVHCZ5": {
      "file": "chunk-V5ZVHCZ5.js"
    },
    "chunk-JHV33OMI": {
      "file": "chunk-JHV33OMI.js"
    },
    "chunk-PYCF5KNS": {
      "file": "chunk-PYCF5KNS.js"
    },
    "chunk-EOFW2REK": {
      "file": "chunk-EOFW2REK.js"
    },
    "chunk-3CRDRMWX": {
      "file": "chunk-3CRDRMWX.js"
    },
    "chunk-R3K7I7OY": {
      "file": "chunk-R3K7I7OY.js"
    },
    "chunk-4TQJC6BO": {
      "file": "chunk-4TQJC6BO.js"
    },
    "chunk-OPGNYZHR": {
      "file": "chunk-OPGNYZHR.js"
    },
    "chunk-K3AW5P46": {
      "file": "chunk-K3AW5P46.js"
    },
    "chunk-3KKC7HMJ": {
      "file": "chunk-3KKC7HMJ.js"
    },
    "chunk-WDMUDEB6": {
      "file": "chunk-WDMUDEB6.js"
    }
  }
}